region,value
North East,123.00348947262175
North West,174.34840070880222
Yorkshire and The Humber,142.46603303191043
East Midlands,145.25908531574152
West Midlands,142.59476134710312
Eastern,136.25724526033798
London,141.96023600866022
South East,106.30221695310898
South West,149.1032974799985
