region,value
North East,123.49685066936595
North West,176.99133024741718
Yorkshire and The Humber,142.5578552972726
East Midlands,144.24536173446452
West Midlands,143.71404067227945
Eastern,135.42068864658975
London,138.9200533275645
South East,109.26803512509926
South West,155.22912500220403
