region,value
North East,125.74087516161693
North West,178.45275510299936
Yorkshire and The Humber,143.90228519329858
East Midlands,139.54391514800216
West Midlands,138.00501123404666
Eastern,131.69554204735883
London,134.1901149066469
South East,106.60430566489461
South West,157.64568436097835
