region,value
North East,122.95279068198323
North West,177.87896986920038
Yorkshire and The Humber,143.05404269142565
East Midlands,143.15309105086578
West Midlands,142.22124713101775
Eastern,134.837069975988
London,137.32198525668284
South East,109.90214906228218
South West,156.82139663546096
