region,value
North East,124.45072330444198
North West,178.6447645182649
Yorkshire and The Humber,142.27077178592828
East Midlands,140.97041777490767
West Midlands,140.38824569415883
Eastern,135.10327877733783
London,136.9544519038036
South East,109.06141541475405
South West,157.57177927689182
