region,value
North East,123.50263210721134
North West,175.68788960244396
Yorkshire and The Humber,144.32994905034215
East Midlands,144.60665670431558
West Midlands,143.41204913876922
Eastern,137.15771342443162
London,141.327051348243
South East,107.88100781647398
South West,152.12879440140324
